w_text,w_layout,w_pii,recall_at_1,mrr,detection_auc
0.0,0.0,1.0,0.1875,0.2277,0.1308
0.0,0.05,0.95,0.2125,0.2865,0.1244
0.0,0.1,0.9,0.2125,0.2865,0.1244
0.0,0.15,0.85,0.2125,0.2865,0.1244
0.0,0.2,0.8,0.2125,0.2865,0.1244
0.0,0.25,0.75,0.2125,0.2865,0.1244
0.0,0.3,0.7,0.2125,0.2865,0.1244
0.0,0.35,0.65,0.2125,0.2865,0.1244
0.0,0.4,0.6,0.2125,0.2865,0.1244
0.0,0.45,0.55,0.2125,0.2865,0.1244
0.0,0.5,0.5,0.2125,0.2865,0.1244
0.0,0.55,0.45,0.2125,0.2865,0.1244
0.0,0.6,0.4,0.2125,0.2865,0.1244
0.0,0.65,0.35,0.2125,0.2865,0.1244
0.0,0.7,0.3,0.2125,0.2865,0.1244
0.0,0.75,0.25,0.2125,0.2865,0.1244
0.0,0.8,0.2,0.2125,0.2865,0.1244
0.0,0.85,0.15,0.2125,0.2865,0.1244
0.0,0.9,0.1,0.2125,0.2865,0.125
0.0,0.95,0.05,0.2125,0.2865,0.1237
0.0,1.0,0.0,0.025,0.1256,0.4191
0.05,0.0,0.95,0.25,0.3783,0.1294
0.05,0.05,0.9,0.25,0.3814,0.1298
0.05,0.1,0.85,0.25,0.3838,0.13
0.05,0.15,0.8,0.25,0.3826,0.13
0.05,0.2,0.75,0.25,0.385,0.13
0.05,0.25,0.7,0.2375,0.3781,0.1303
0.05,0.3,0.65,0.225,0.3701,0.1303
0.05,0.35,0.6,0.225,0.3683,0.1303
0.05,0.4,0.55,0.225,0.3749,0.1303
0.05,0.45,0.5,0.225,0.3726,0.1305
0.05,0.5,0.45,0.225,0.3754,0.1306
0.05,0.55,0.4,0.2125,0.3708,0.1306
0.05,0.6,0.35,0.2125,0.3714,0.1309
0.05,0.65,0.3,0.2125,0.3714,0.1309
0.05,0.7,0.25,0.2125,0.3708,0.1309
0.05,0.75,0.2,0.2125,0.3742,0.1322
0.05,0.8,0.15,0.2125,0.3722,0.1322
0.05,0.85,0.1,0.2125,0.3703,0.1316
0.05,0.9,0.05,0.2125,0.3699,0.1297
0.05,0.95,0.0,0.1,0.2843,0.2313
0.1,0.0,0.9,0.25,0.3783,0.1294
0.1,0.05,0.85,0.25,0.3817,0.1294
0.1,0.1,0.8,0.25,0.3814,0.1298
0.1,0.15,0.75,0.25,0.3819,0.13
0.1,0.2,0.7,0.25,0.3838,0.13
0.1,0.25,0.65,0.25,0.382,0.13
0.1,0.3,0.6,0.25,0.3826,0.13
0.1,0.35,0.55,0.25,0.3847,0.13
0.1,0.4,0.5,0.25,0.385,0.13
0.1,0.45,0.45,0.25,0.386,0.13
0.1,0.5,0.4,0.2375,0.3781,0.1316
0.1,0.55,0.35,0.2375,0.3763,0.1319
0.1,0.6,0.3,0.225,0.3701,0.1309
0.1,0.65,0.25,0.225,0.3683,0.1309
0.1,0.7,0.2,0.225,0.3683,0.1309
0.1,0.75,0.15,0.225,0.372,0.1306
0.1,0.8,0.1,0.225,0.3749,0.13
0.1,0.85,0.05,0.225,0.3745,0.1256
0.1,0.9,0.0,0.1375,0.3085,0.2117
0.15,0.0,0.85,0.25,0.3783,0.1294
0.15,0.05,0.8,0.25,0.3806,0.1294
0.15,0.1,0.75,0.25,0.3823,0.1297
0.15,0.15,0.7,0.25,0.3814,0.1298
0.15,0.2,0.65,0.25,0.3817,0.13
0.15,0.25,0.6,0.25,0.3845,0.1312
0.15,0.3,0.55,0.25,0.3838,0.1316
0.15,0.35,0.5,0.25,0.3822,0.1309
0.15,0.4,0.45,0.25,0.3826,0.1306
0.15,0.45,0.4,0.25,0.3826,0.1303
0.15,0.5,0.35,0.25,0.3829,0.1303
0.15,0.55,0.3,0.25,0.3847,0.1303
0.15,0.6,0.25,0.25,0.385,0.1303
0.15,0.65,0.2,0.25,0.3855,0.1303
0.15,0.7,0.15,0.2375,0.3788,0.1303
0.15,0.75,0.1,0.2375,0.3781,0.1294
0.15,0.8,0.05,0.225,0.3666,0.1214
0.15,0.85,0.0,0.175,0.327,0.2086
0.2,0.0,0.8,0.25,0.3783,0.1306
0.2,0.05,0.75,0.25,0.3799,0.1309
0.2,0.1,0.7,0.25,0.3817,0.1309
0.2,0.15,0.65,0.25,0.3818,0.13
0.2,0.2,0.6,0.25,0.3814,0.1302
0.2,0.25,0.55,0.25,0.3816,0.1303
0.2,0.3,0.5,0.25,0.3819,0.1303
0.2,0.35,0.45,0.25,0.3844,0.1303
0.2,0.4,0.4,0.25,0.3838,0.1303
0.2,0.45,0.35,0.25,0.382,0.1303
0.2,0.5,0.3,0.25,0.382,0.1303
0.2,0.55,0.25,0.25,0.3828,0.1303
0.2,0.6,0.2,0.25,0.3826,0.1303
0.2,0.65,0.15,0.25,0.3827,0.1303
0.2,0.7,0.1,0.25,0.3847,0.1288
0.2,0.75,0.05,0.2375,0.3743,0.1194
0.2,0.8,0.0,0.1875,0.3351,0.2122
0.25,0.0,0.75,0.25,0.3783,0.1297
0.25,0.05,0.7,0.25,0.3797,0.1297
0.25,0.1,0.65,0.25,0.3804,0.1297
0.25,0.15,0.6,0.25,0.3821,0.1297
0.25,0.2,0.55,0.25,0.3816,0.13
0.25,0.25,0.5,0.25,0.3814,0.1302
0.25,0.3,0.45,0.25,0.3816,0.1303
0.25,0.35,0.4,0.25,0.3814,0.1303
0.25,0.4,0.35,0.25,0.3847,0.1303
0.25,0.45,0.3,0.25,0.3839,0.1303
0.25,0.5,0.25,0.25,0.3838,0.1303
0.25,0.55,0.2,0.25,0.3817,0.1303
0.25,0.6,0.15,0.25,0.3822,0.1297
0.25,0.65,0.1,0.25,0.3818,0.1256
0.25,0.7,0.05,0.225,0.3635,0.1191
0.25,0.75,0.0,0.1875,0.3312,0.213
0.3,0.0,0.7,0.25,0.3783,0.1297
0.3,0.05,0.65,0.25,0.3797,0.1297
0.3,0.1,0.6,0.25,0.3806,0.1297
0.3,0.15,0.55,0.25,0.3817,0.1297
0.3,0.2,0.5,0.25,0.3823,0.13
0.3,0.25,0.45,0.25,0.3814,0.13
0.3,0.3,0.4,0.25,0.3814,0.1302
0.3,0.35,0.35,0.25,0.3816,0.1303
0.3,0.4,0.3,0.25,0.3817,0.1303
0.3,0.45,0.25,0.25,0.3819,0.1303
0.3,0.5,0.2,0.25,0.3845,0.1303
0.3,0.55,0.15,0.25,0.3839,0.1291
0.3,0.6,0.1,0.2375,0.3744,0.1231
0.3,0.65,0.05,0.225,0.3635,0.1239
0.3,0.7,0.0,0.1875,0.3309,0.2136
0.35,0.0,0.65,0.25,0.3783,0.1297
0.35,0.05,0.6,0.25,0.3801,0.1297
0.35,0.1,0.55,0.25,0.381,0.1297
0.35,0.15,0.5,0.25,0.3804,0.1297
0.35,0.2,0.45,0.25,0.3819,0.1297
0.35,0.25,0.4,0.25,0.3824,0.13
0.35,0.3,0.35,0.25,0.3816,0.13
0.35,0.35,0.3,0.25,0.3814,0.1302
0.35,0.4,0.25,0.25,0.3816,0.1303
0.35,0.45,0.2,0.25,0.3817,0.1303
0.35,0.5,0.15,0.25,0.3814,0.1275
0.35,0.55,0.1,0.2375,0.3747,0.1216
0.35,0.6,0.05,0.225,0.365,0.1263
0.35,0.65,0.0,0.1875,0.3336,0.2156
0.4,0.0,0.6,0.25,0.3783,0.1297
0.4,0.05,0.55,0.25,0.3805,0.1297
0.4,0.1,0.5,0.25,0.3799,0.1297
0.4,0.15,0.45,0.25,0.3806,0.1297
0.4,0.2,0.4,0.25,0.3817,0.1297
0.4,0.25,0.35,0.25,0.3821,0.1297
0.4,0.3,0.3,0.25,0.3818,0.13
0.4,0.35,0.25,0.25,0.3816,0.13
0.4,0.4,0.2,0.25,0.3814,0.1292
0.4,0.45,0.15,0.2375,0.3753,0.1263
0.4,0.5,0.1,0.2375,0.3716,0.1209
0.4,0.55,0.05,0.2125,0.3557,0.1309
0.4,0.6,0.0,0.1875,0.3316,0.2159
0.45,0.0,0.55,0.25,0.3783,0.1297
0.45,0.05,0.5,0.25,0.3805,0.1297
0.45,0.1,0.45,0.25,0.3799,0.1297
0.45,0.15,0.4,0.25,0.3806,0.1297
0.45,0.2,0.35,0.25,0.3804,0.1297
0.45,0.25,0.3,0.25,0.3819,0.1297
0.45,0.3,0.25,0.25,0.3823,0.13
0.45,0.35,0.2,0.25,0.3816,0.1281
0.45,0.4,0.15,0.2375,0.3722,0.1237
0.45,0.45,0.1,0.225,0.3647,0.1198
0.45,0.5,0.05,0.2125,0.3555,0.1387
0.45,0.55,0.0,0.1875,0.3313,0.2161
0.5,0.0,0.5,0.25,0.3783,0.1297
0.5,0.05,0.45,0.25,0.3805,0.1297
0.5,0.1,0.4,0.25,0.3797,0.1297
0.5,0.15,0.35,0.25,0.381,0.1297
0.5,0.2,0.3,0.25,0.3804,0.1297
0.5,0.25,0.25,0.25,0.3817,0.1297
0.5,0.3,0.2,0.25,0.3821,0.1256
0.5,0.35,0.15,0.2375,0.3724,0.1234
0.5,0.4,0.1,0.225,0.3647,0.1194
0.5,0.45,0.05,0.2125,0.3557,0.1412
0.5,0.5,0.0,0.1875,0.33,0.2161
0.55,0.0,0.45,0.25,0.3783,0.1297
0.55,0.05,0.4,0.25,0.3805,0.1297
0.55,0.1,0.35,0.25,0.3797,0.1297
0.55,0.15,0.3,0.25,0.3799,0.13
0.55,0.2,0.25,0.25,0.3806,0.1281
0.55,0.25,0.2,0.2375,0.3742,0.1256
0.55,0.3,0.15,0.2375,0.3719,0.1216
0.55,0.35,0.1,0.225,0.3629,0.12
0.55,0.4,0.05,0.2125,0.3549,0.1431
0.55,0.45,0.0,0.1875,0.3307,0.217
0.6,0.0,0.4,0.25,0.3783,0.1297
0.6,0.05,0.35,0.25,0.3804,0.1297
0.6,0.1,0.3,0.25,0.3797,0.1294
0.6,0.15,0.25,0.25,0.3799,0.1263
0.6,0.2,0.2,0.2375,0.3713,0.1241
0.6,0.25,0.15,0.2375,0.3704,0.1209
0.6,0.3,0.1,0.225,0.3625,0.1228
0.6,0.35,0.05,0.2125,0.3497,0.1453
0.6,0.4,0.0,0.1875,0.3309,0.217
0.65,0.0,0.35,0.25,0.3783,0.13
0.65,0.05,0.3,0.25,0.3804,0.1294
0.65,0.1,0.25,0.25,0.3797,0.1256
0.65,0.15,0.2,0.2375,0.3699,0.1228
0.65,0.2,0.15,0.225,0.3643,0.1203
0.65,0.25,0.1,0.225,0.3614,0.1247
0.65,0.3,0.05,0.2125,0.3475,0.1469
0.65,0.35,0.0,0.1875,0.3306,0.2156
0.7,0.0,0.3,0.25,0.3783,0.1275
0.7,0.05,0.25,0.2375,0.3741,0.1256
0.7,0.1,0.2,0.2375,0.3701,0.1225
0.7,0.15,0.15,0.225,0.363,0.1191
0.7,0.2,0.1,0.225,0.3617,0.1263
0.7,0.25,0.05,0.2125,0.3477,0.1487
0.7,0.3,0.0,0.1875,0.3291,0.2161
0.75,0.0,0.25,0.2375,0.3689,0.1241
0.75,0.05,0.2,0.2375,0.3704,0.1222
0.75,0.1,0.15,0.225,0.3631,0.1191
0.75,0.15,0.1,0.225,0.3604,0.1294
0.75,0.2,0.05,0.2125,0.347,0.1487
0.75,0.25,0.0,0.1875,0.3293,0.2167
0.8,0.0,0.2,0.2375,0.3683,0.1219
0.8,0.05,0.15,0.225,0.3613,0.1181
0.8,0.1,0.1,0.225,0.3612,0.1328
0.8,0.15,0.05,0.2125,0.3467,0.1497
0.8,0.2,0.0,0.1875,0.3286,0.2166
0.85,0.0,0.15,0.225,0.359,0.1206
0.85,0.05,0.1,0.225,0.3609,0.1344
0.85,0.1,0.05,0.2125,0.3476,0.1512
0.85,0.15,0.0,0.1875,0.3283,0.2159
0.9,0.0,0.1,0.2125,0.3525,0.1387
0.9,0.05,0.05,0.1875,0.335,0.1541
0.9,0.1,0.0,0.1875,0.3291,0.2156
0.95,0.0,0.05,0.1875,0.3329,0.1572
0.95,0.05,0.0,0.1875,0.3291,0.2159
1.0,0.0,0.0,0.1875,0.327,0.2159
